Fecha,banano,flores,total_sector_agro,oro,esmeraldas,total_sector_minero,textil,quimicos,papel,cuero ,alimentos,total_sector_industrial
1970-01-01,0,0,3.7,0,0.3,1.5,3.7,0.6,0.2,0.5,2.1,8.9
1970-02-01,0,0,4.6,0,0.3,1.7,4.5,0.8,0.3,0.6,2.6,10.8
1970-03-01,0,0,5.6,0,0.4,2.1,5.6,0.9,0.4,0.8,3.2,13.4
1970-04-01,0,0,4.3,0,0.3,1.7,4.4,0.7,0.3,0.6,2.5,10.5
1970-05-01,0,0,5.4,0,0.4,2.1,5.3,0.9,0.4,0.8,3.1,13
1970-06-01,0,0,4,0,0.3,1.6,4,0.7,0.3,0.6,2.3,9.8
1970-07-01,0,0,3.8,0,0.3,1.5,3.8,0.6,0.3,0.5,2.2,9.3
1970-08-01,0,0,4.3,0,0.3,1.6,4.2,0.7,0.3,0.6,2.4,10.2
1970-09-01,0,0,5,0,0.3,1.8,4.9,0.8,0.3,0.7,2.8,11.9
1970-10-01,0,0,2.7,0,0.2,1,2.7,0.4,0.2,0.4,3.2,8.1
1970-11-01,0,0,3.7,0,0.3,1.4,3.6,0.6,0.2,0.5,2.1,8.7
1970-12-01,0,0,4.3,0,0.3,1.6,4.3,0.7,0.3,0.6,2.5,10.4
1971-01-01,1.1,0.1,5,0,0.1,1,2.8,0.8,0.3,0.6,0.9,7.2
1971-02-01,1,0.1,3.4,0,0.4,0.5,2.4,0.8,0.4,0.3,2.1,7.3
1971-03-01,1.1,0.2,6.4,0,0.3,1.8,6.6,1,0.4,0.8,2.9,14.5
1971-04-01,1.6,0.1,5,0,0.3,0.6,8.2,1.1,0.4,0.6,4.8,18.3
1971-05-01,1.3,0.2,4,0,0.3,1.2,8.3,1.2,0.3,0.7,5.6,19
1971-06-01,1.2,0.1,4.1,0,0.8,1.2,6.1,1.6,0.3,0.8,2.3,13.3
1971-07-01,1.3,0.1,3.2,0,0.4,0.9,1.9,0.5,0.1,0.3,1.3,5.5
1971-08-01,1.2,0.1,4.9,0,0.5,1.6,2.8,1.2,0.5,1,2.4,10.3
1971-09-01,1,0.2,5.2,0,0.3,1.2,4.3,1.4,0.4,0.7,3.8,14.3
1971-10-01,1.1,0.2,5.5,0,0.2,1.9,3.2,1.6,0.6,0.7,0.7,9.7
1971-11-01,1.3,0.1,4.8,0,1,1.5,5.1,1.1,0.5,0.8,1.6,19.6
1971-12-01,1.4,0.3,6.2,0,1.5,1.7,2.4,1.5,0.4,1.2,4.9,13.5
1972-01-01,1.4,0.1,5.8,0,0.5,0.8,3.6,1.3,0.4,0.7,3.1,11.7
1972-02-01,1.3,0.2,4.6,0,1,1.3,2.9,1.3,0.2,0.9,2.1,9.9
1972-03-01,1.1,0.3,4.7,0,3.5,4.5,11.3,1.5,0.4,1.3,5.5,22.3
1972-04-01,1.1,0.3,6.5,0,2.7,3,11.9,1.6,0.5,1.4,3.6,22.3
1972-05-01,1,0.3,4.3,0,5.1,5.9,7.3,1.1,0.5,1.4,4.2,17
1972-06-01,1.1,0.2,5.9,0,5.2,5.9,10.7,1.5,0.4,2.2,5.7,24.8
1972-07-01,1,0.1,8.3,0,4.8,7.9,7.5,2,0.6,1.6,3.3,19.1
1972-08-01,0.8,0.2,8.1,0,4.7,6.1,7.6,1.7,0.8,1.7,4.3,20.3
1972-09-01,1.3,0.3,4.8,0,5.8,6.3,5.2,1.8,0.9,1.8,4.2,17.2
1972-10-01,1.2,0.3,7.6,0,3.4,4.2,9.9,2.7,0.8,2.1,3.9,23.1
1972-11-01,0,0.3,6.3,0,4.6,6.6,7.9,2.3,0.8,2.8,4.4,21.9
1972-12-01,2.4,0.5,8.4,0,4.8,6,5.1,1.8,3.8,3.4,8.8,28.1
1973-01-01,1.1,0.6,6.9,0,5.4,6.4,5.3,1.7,0.9,2.2,3.4,17
1973-02-01,1.1,0.3,7,0,3.4,5.8,6.3,1.8,0.6,1.4,7.2,20.6
1973-03-01,1.2,0.5,8.2,0,4,4.7,7.8,1.8,0.8,2.1,7.9,25.6
1973-04-01,1.1,0.8,8.4,0,6.1,7,14.1,2.9,1,3,4.9,30.9
1973-05-01,1,0.8,7.1,0,9.7,10.2,5.5,2.4,1,3.4,3.3,19.7
1973-06-01,1.1,0.4,6.8,0,6.5,7.7,11.3,3.1,1.2,2.1,4.6,27.8
1973-07-01,1.4,1,6.9,0,8.4,10.4,9.6,3.8,0.9,2.3,1.6,24.9
1973-08-01,1.6,0.4,8.4,0,13.4,15,7.9,3.1,0.7,2.7,4.9,26.8
1973-09-01,1.5,0.7,8.3,0,9.4,12.3,9.2,4.2,0.8,2.4,3.3,27.4
1973-10-01,1.5,0.6,7.9,0,6.2,8.6,13.1,5.1,1.2,2,3.9,36.5
1973-11-01,1.7,1.2,9.9,0,4.6,5.8,13.4,3.4,0.8,2.4,1.3,31.3
1973-12-01,1.2,0.9,10.6,0,3.2,6.6,11.1,3.6,0.8,3.9,7.1,33.5
1974-01-01,1.6,1.7,10.9,0,0.7,1,8.7,4.3,1.2,2.6,0.7,29.2
1974-02-01,1.1,2,21.7,0,0.4,1.5,9.3,5.3,0.9,1.8,0.8,28.6
1974-03-01,1.9,1,21.1,0,0.4,2.2,14.2,5.5,0.6,2.4,0.5,34.7
1974-04-01,1.3,1.1,12.7,0,0.4,4,13.2,3.4,0.8,1.5,1.9,28.3
1974-05-01,2.2,1.6,11.4,0,0.1,2.1,15.2,7.1,1,1.7,5.2,42.3
1974-06-01,2.1,1.3,12.8,0,0.3,3.5,16.1,7.9,0.9,1.9,3.6,41.8
1974-07-01,2,1.2,11.1,0,0.6,4.1,14,7.7,1,1.9,0.9,34.6
1974-08-01,2.2,1.1,9.1,0,0.5,1,12.1,5.6,1.3,1.7,9,41.2
1974-09-01,2.2,1.3,15,0,0.2,0.6,13.5,5.8,1.6,1.9,15,48.3
1974-10-01,2.8,0.9,11.5,0,1.3,1.5,7.8,6.1,1.4,1.9,17,44.8
1974-11-01,3.1,1.3,13.9,0,0.6,0.8,10.4,6.8,1.7,1.9,17.2,50.5
1974-12-01,2.8,1.5,11,0,0.3,0.6,10.2,10.9,1.6,2.2,17.5,57.2
1975-01-01,2.8,2.4,18.4,0,0.7,0.8,7.5,5,2,1.7,3.8,28.6
1975-02-01,2.4,1.5,19.5,0,0.6,0.7,6.5,4.4,1,0.9,25.1,46.9
1975-03-01,2.3,1.2,17,0,0.3,0.6,4.7,8,3.6,1.4,11.3,36
1975-04-01,3.1,1.7,23.8,0,0.8,1.1,6,4,1.6,1.6,5.9,29
1975-05-01,2.5,1.8,20,0,0.4,0.6,4.7,5.7,0.9,1.3,5,27
1975-06-01,2.3,1.7,20.8,0,1.3,1.5,7.8,3.9,0.8,1.7,9.8,31.4
1975-07-01,2.5,1.2,27.2,0,0.4,0.8,7.4,8.1,0.9,2.3,5.6,33.9
1975-08-01,2.2,0.9,20.6,0,3.1,3.7,9.8,4.2,1.5,1.8,10,34.8
1975-09-01,3.1,0.8,22.3,0,0.8,1,8.4,3.9,1,1.6,8.5,32.6
1975-10-01,0.5,1.5,10.5,0,0.3,0.6,10,2.6,1.4,1.8,11.1,39.3
1975-11-01,4.1,1.8,24.9,0,2.4,2.8,11.7,4.6,1,2.3,13.1,42.9
1975-12-01,3.7,2.9,27.7,0,1.1,1.7,9.9,6.1,3.2,2.5,10,41.1
1976-01-01,3.9,2.2,17.3,0,1.3,1.4,7.5,2.6,4.1,1.2,5,26
1976-02-01,2.7,1.1,21.7,0,0.7,1.8,9.1,2.9,1.6,1.7,1.6,26.8
1976-03-01,3.1,1.3,30.7,0,1.4,1.7,9.3,5.6,3.5,1.9,6.6,38.4
1976-04-01,3,1.9,25.9,0,1.4,1.7,9.8,3.9,2.2,2.3,1.6,30.5
1976-05-01,3.2,2.3,28.9,0,0.8,1.1,10.7,3.4,3.8,1.7,2.7,36.1
1976-06-01,2.5,1.5,25.1,0,0.5,0.8,11.4,6.3,2.4,2.5,1.2,37.6
1976-07-01,3.2,1.3,19.2,0,0.5,1.5,10.6,5.1,2.6,1.9,5,35.2
1976-08-01,3,1.4,16.9,0,1.1,1.4,14.3,5.1,2.4,3,9,49.5
1976-09-01,3.9,1.4,17.8,0,0.5,1.8,10.5,4.8,3.2,2.7,2.8,38.4
1976-10-01,3.9,2.2,17.4,0,0.5,0.8,16.1,4.6,2.9,1.9,7.3,44.4
1976-11-01,5.2,2.5,20.1,0,0.5,0.7,10.9,6.1,2,2.3,5.3,38.6
1976-12-01,3.1,2.5,16.7,0,1.8,2.2,8.3,3.2,4.4,2.2,3.3,31.3
1977-01-01,3,1.3,31.3,0,0,0.2,8.9,4.4,5.9,2.1,7.4,41.9
1977-02-01,4.3,2.5,19.6,0,1.9,2.1,5.9,3.9,5,1.4,2.3,31.8
1977-03-01,3,2.3,22.5,0,1.1,1.4,8,3.7,3.3,2.5,3.8,34.9
1977-04-01,4.1,4.5,22.6,0,1.6,1.8,10.3,3.7,3.3,3.4,2.8,37.1
1977-05-01,2.8,4.6,26,0,1.6,2.2,9.8,6.7,9.3,2.4,8.2,52.4
1977-06-01,3.2,2.8,38.3,0,0.2,0.3,5.9,4.7,6.2,2.5,6.4,36.4
1977-07-01,3.2,1.8,20.1,0,0,0.3,9.2,4.1,2.7,2.3,2.8,33.2
1977-08-01,3.4,2.8,26.4,0,4.6,5.1,11.9,4.8,3.8,2.8,4.2,45.3
1977-09-01,4.1,2.1,30.3,0,0.2,0.6,9.8,4.5,2.5,2.5,1.5,37.4
1977-10-01,4.1,0.9,20.3,0,1.7,2,11.6,4.5,3.5,3.9,1.6,40.6
1977-11-01,3.4,4.1,29.7,0,0,0.3,14.3,3.9,2.9,4.8,1.7,41.2
1977-12-01,7,3,42.2,0,5.1,5.4,20,6.1,4.1,4,2.3,58.1
1978-01-01,7.2,3.7,25.1,0,0.5,0.9,11.1,4.7,5.6,2.9,4.8,43.7
1978-02-01,6.3,3.4,23.4,0,0.5,0.9,10.4,4.4,5.1,2.7,4.5,40.8
1978-03-01,7.4,3.2,21.7,0,0.4,0.8,9.6,4.1,4.8,2.5,4.3,38.1
1978-04-01,7.5,3.2,21.8,0,0.4,0.8,9.7,4.1,4.8,2.5,4.3,38.2
1978-05-01,4.8,3.8,26.2,0,0.5,0.9,11.6,4.9,5.8,3,5.2,45.9
1978-06-01,5.5,4.1,27.8,0,0.6,1.1,12.3,5.1,6.2,3.3,5.6,48.9
1978-07-01,6.5,3,20.5,0,0.4,0.8,9.1,3.7,4.6,2.4,4.1,35.8
1978-08-01,6.5,4.3,29.7,0,0.6,1.1,13.1,5.4,6.6,3.5,5.8,51.8
1978-09-01,7.2,5,34.2,0,0.7,1.3,15.1,6.3,7.6,3.9,6.7,59.7
1978-10-01,6.5,4.9,33.4,0,0.7,1.3,14.8,6.2,7.5,3.8,6.5,58.4
1978-11-01,6.9,4.9,33.4,0,0.7,1.3,14.8,6.2,7.5,3.9,6.5,58.5
1978-12-01,8.2,4.2,28.8,0,0.6,1.1,12.8,5.3,6.4,3.4,5.8,50.8
1979-01-01,7.8,5.5,34.9,0,0,0.1,19.2,4.5,3,3.8,7,57.6
1979-02-01,4.8,3,23.8,0,0,0.5,13.6,4.1,3.3,3.2,12.4,52.7
1979-03-01,8.3,4.6,33.9,0,0,0.5,18.1,5.5,2.6,5.6,7.1,57.7
1979-04-01,7.2,8.6,36.5,0,0,0.2,15.1,5.6,3.5,4,11.3,57.1
1979-05-01,3.1,0.8,5.1,0,0,0.1,3.1,1.5,0.5,1.4,0.1,10.6
1979-06-01,7.8,9.2,37.9,0,0,1.2,20.5,7.4,4,4.4,10.3,77.2
1979-07-01,6.2,3.8,26.9,0,0,0.6,26.4,4.5,4.4,2.9,4.8,75.6
1979-08-01,6.1,3.9,19.9,0,0,0.5,13.3,5.9,4.5,2.5,5.5,64.5
1979-09-01,6.8,4.3,28.3,0,1.9,3.1,12.8,8,6.4,3,9.6,63
1979-10-01,9,7.4,35.8,0,0.1,0.7,27.7,9.3,7.7,3.7,8.7,94.8
1979-11-01,6.8,5.5,24.7,0,0,0.8,20.8,8.2,6,2.6,10.8,71
1979-12-01,5.8,11.5,32.6,0,0,1.5,17.6,8.1,7,5.8,11.3,65.7
1980-01-01,10,9.6,33.6,0,0,0.6,15.5,8.1,8,2.6,8.3,62.3
1980-02-01,5.3,5.9,22.4,0,0,0.9,17.7,5.1,5,2.1,8.2,54
1980-03-01,7.9,6.6,28.2,0,0,0.7,18.4,9.1,6,2.7,17.1,74.7
1980-04-01,0.9,11.6,37.2,0,0,1,19,5.6,4.3,3.6,16,68.3
1980-05-01,11.1,9.6,36,0,28.3,29.5,16.6,5.9,4.6,2.3,11.7,58.1
1980-06-01,7.7,6.7,41,0,6.2,7.8,15.5,7.1,4.6,2.5,1.8,54.4
1980-07-01,7.1,6.7,39.6,0,0,0.5,16.4,16,7,2.6,13,79.4
1980-08-01,8.5,8.7,39.4,0,11.1,12.4,24.1,7.9,5,4.4,19.9,86.4
1980-09-01,8.5,5.1,37.6,0,4,5.2,22.8,7.8,7.2,3.6,26,92.7
1980-10-01,5.5,9.1,34.1,0,2.9,3.5,21.8,6.4,6.4,3.8,38,105.4
1980-11-01,10.6,5.9,29.5,0,0,1,25.5,8.6,5.3,2.5,23.9,85.8
1980-12-01,11,11.7,49,0,8.5,9.7,23.2,10.3,7.6,3.6,44.1,122.6
1981-01-01,10.1,10.5,40.1,0,6,6.6,13.8,6.4,5.3,2.9,32.4,81.9
1981-02-01,8,11.2,31.9,0,0,0.8,14,8.2,10,2.1,14.6,66.5
1981-03-01,14,10.8,41.9,0,23.4,24,18.8,10.6,6.4,3.2,14.7,75
1981-04-01,9.4,8.9,47.8,0,0,0.7,16.7,7,9.1,2.7,24.1,79.1
1981-05-01,9.5,9,45.4,0,6,7.1,16.1,9,6.5,3.7,14.1,74.4
1981-06-01,8.4,9.3,32.8,0,7.5,7.9,12.4,9.4,7.1,3.5,3.6,64.6
1981-07-01,10.3,7.4,41.9,0,0,0.3,13,7.5,6.9,3.9,3.7,63.8
1981-08-01,6.1,6.8,35.4,0,3.6,4,17.8,7.5,8.4,3.5,6.4,71.2
1981-09-01,15.9,6.3,41.7,0,4.6,5.7,19.5,8.7,10.2,4.7,12.8,83.5
1981-10-01,10.2,8.6,39.8,0,5.8,6.5,16.5,6.8,7.3,4.5,8.9,71.3
1981-11-01,8.5,8.6,43.2,0,3.6,4.1,22.1,6.8,7.7,6.5,7,81.9
1981-12-01,12.1,11.1,45.2,0,3.7,4.4,24.2,6.9,6.2,5.6,11.8,83.9
1982-01-01,11.8,11.6,41.6,0,6.2,6.5,11.2,4.6,5.9,4.8,6.7,55.9
1982-02-01,10.9,8.8,37.9,0,4.6,5,17,7.8,6.4,4.1,8.4,67.3
1982-03-01,14.2,9.6,39.3,0,6.9,7.4,20.9,10.5,6.9,5.9,11.2,79.5
1982-04-01,13.7,12.1,46.2,0,2.5,3,19.2,8.3,4.3,6.1,6.6,65.2
1982-05-01,15.5,9.7,43,0,4.7,5,13.5,10.3,7.1,3.8,12.8,67.2
1982-06-01,12.5,10.6,39.4,0,1.6,1.8,17.8,7.4,6.9,5.6,5.8,68.5
1982-07-01,15.6,8,36.6,0,1.7,1.9,13.8,10.5,7.7,3.3,8.5,62.9
1982-08-01,11.1,5.7,25.1,0,4,4.3,16.4,7.5,6.3,6,6.5,65.8
1982-09-01,17.7,8.2,34.4,0,1.5,2.2,14.5,8.1,6.1,4,8.7,67.3
1982-10-01,10.2,8.6,26.5,0,5.4,5.7,10.6,8.2,6,3.3,12.8,63.2
1982-11-01,9,8.7,23.3,0,1.2,1.5,21.6,5.4,5.5,6,12.7,75.7
1982-12-01,9.1,9.7,27.5,0,0,0.4,20.1,8.2,5,7,5.8,71
1983-01-01,9.6,11.3,27.1,0,6.5,6.8,11.3,7.6,4.8,3.6,6.8,51.4
1983-02-01,8.6,11.4,30.1,0,2.1,2.8,11.5,7.5,5.5,3.4,13.1,56.1
1983-03-01,8.1,10.9,26.3,0,3.5,3.8,13.8,7.2,3.7,3.2,10,53
1983-04-01,13.5,12.5,35.9,0,3.5,4,8,7,5.1,2.4,7.4,43.4
1983-05-01,12.2,9.3,35,0,2.4,2.8,5.6,10.5,3.5,3.6,6.9,43.3
1983-06-01,8.3,10.8,30,0,3.8,4.9,8.5,7.8,2.9,3,9.9,41.9
1983-07-01,12.2,9.2,30.9,0,1.2,1.3,7.1,8.8,4.1,2.3,4.2,38
1983-08-01,10.4,7.5,27.5,0,2.1,2.6,9.5,11.3,4.1,3.9,16.5,61.5
1983-09-01,13.4,8.5,31.1,0,4.2,4.6,8.8,9.6,5.6,3.2,14.8,53
1983-10-01,19,9.1,34.8,0,3.8,4.1,10.6,10.2,5.1,1.7,17.5,56.3
1983-11-01,17.5,10.9,39.8,0,1.9,2.3,8.7,9.5,4.2,3.1,12.3,48.2
1983-12-01,14.9,9.3,34.3,0,0.2,0.4,7.6,9.6,8.3,1.9,20.9,60.7
1984-01-01,12,10.7,35,0,4.9,5,7.2,7.9,4.5,2.8,11.3,43.8
1984-02-01,17.8,13.4,46.8,0,1.9,2.1,8.2,9.2,7.2,2.2,6.4,43.3
1984-03-01,11.8,10.7,30.9,0,2.6,3.6,7.9,8.8,7,2.5,12.5,50.7
1984-04-01,18.5,13.8,39.7,0,1.6,2.9,6.2,5.8,5.2,1.9,6.4,34.1
1984-05-01,31,12.7,60.7,0,2.2,3.2,7.1,8.4,6.4,2.5,10.7,46.2
1984-06-01,13,9.3,34.7,0,2,4.1,7.6,6.3,5.4,2,13,45.8
1984-07-01,14.2,8.2,34.2,0,1.4,2.2,8.6,10.5,5.5,2.9,4.7,43.8
1984-08-01,19.2,8.1,36.5,0,1.7,2.2,6.9,9.4,6,3.1,13.3,48.9
1984-09-01,12.8,8.6,35,0,1.2,2.9,8.5,10.7,6.9,2.5,12,52.3
1984-10-01,13.8,11.1,34,0,2.1,3.1,9.7,9.2,5.8,2.9,6.1,46.4
1984-11-01,17.3,10.7,38.5,0,1.8,3,11.1,8.8,5.5,2.8,9.7,49.7
1984-12-01,16.6,12.2,37,0,1.6,3.2,11,12.8,6.2,2.8,7.1,53.8
1985-01-01,10.4,12.7,31,0,0.9,1.4,9.1,10.5,3.4,2.9,8.8,46
1985-02-01,15.4,12.9,39.9,0,1.9,2,6.7,6.6,6.3,4.4,5.6,41.1
1985-03-01,12.7,13.8,38.3,0,0.9,1.1,8.7,10.8,5.3,3,11.5,50.8
1985-04-01,13,10.8,42,0,1.1,1.3,8.9,7.8,4.8,3.3,9.2,45.7
1985-05-01,12.4,12,35.9,0,2.3,2.5,10,13,5.3,3.5,8.2,51.2
1985-06-01,16,13.5,40.8,0,1.7,3.9,8.6,9.3,5.9,4.1,12.4,52.4
1985-07-01,12.7,9,45.8,0,3.4,5.4,7.9,14.3,6.2,2.9,7.5,52.1
1985-08-01,9.6,10.8,30.8,0,3,5,10.1,13.1,6.4,5.6,11.8,62.2
1985-09-01,15.5,7.8,31,0,1.9,4,9.9,11.6,6.9,5.4,7.4,54.3
1985-10-01,17.8,11.2,39.4,0,1.7,3.6,9.8,11,8.6,5.6,13.1,66.2
1985-11-01,11.8,9.9,32.5,0,2.4,4.2,9.6,10.2,5.6,6.6,12.1,59.4
1985-12-01,9,7.6,28.3,0,4,6.3,9.1,11.7,8.6,7.2,10.7,61.2
1986-01-01,11.2,9.1,28.8,0,2.9,6.4,8.6,9.3,6.7,3.5,7,47.4
1986-02-01,19.7,14.1,45.4,0,3.1,3.7,11.9,9.9,5.6,3.8,14,58.2
1986-03-01,11.4,17,35.9,0,1.4,5.3,12.1,11.5,6.8,4,17.2,64.4
1986-04-01,10.5,10.1,28.2,0,1.7,5,10.7,10.7,6.1,6,9.5,56.6
1986-05-01,17.7,10.2,36.5,0,2.1,2.6,11.8,12.4,6.2,5.7,11.1,63.2
1986-06-01,9.4,13.7,30.1,0,3.4,4.6,11,10.1,5.7,5,12.2,62.4
1986-07-01,19.3,12,46.9,0,1.3,1.6,11.8,14.7,9.4,6.3,16.4,77.9
1986-08-01,25.5,5.2,47.7,0,5,5.7,14.6,11,7.9,6.8,13.5,75.2
1986-09-01,20.2,8.8,46.2,0,2.6,2.8,14.9,13.1,8.3,9.7,13.4,75.7
1986-10-01,17.4,15.7,42.5,0,5.3,8.2,14.3,12.2,9.1,9.8,17.5,82.9
1986-11-01,21.4,9.5,44,0,3.2,3.8,15.1,12.7,8.9,8.4,8.4,74.6
1986-12-01,16,23.3,55.3,0,5.2,5.7,13.5,14.8,8.8,8.1,14.1,78.9
1987-01-01,14,10.9,36.7,0,3.1,3.2,14.6,12,8.6,6.7,4.5,59.7
1987-02-01,15.6,14.1,37.6,0,3.1,4,12.1,11.2,7.5,6.1,10.8,61.8
1987-03-01,17.6,9.5,37.3,0,3.5,4.6,15.8,12.2,6.4,7.6,12.9,72.3
1987-04-01,16.2,8.7,36.2,0,1.1,2.1,15.3,14.4,8.2,6.5,9.7,73.3
1987-05-01,15.9,14.1,42,0,6.7,7.9,14.8,16.6,8.9,7.1,8.1,73.3
1987-06-01,24.5,12.9,49.6,0,4,5,14.6,15.3,11.8,7.1,11.6,82.4
1987-07-01,17.6,12.1,42.2,0,6.8,8.8,19.9,19.6,9.5,10.2,16.7,96.4
1987-08-01,17,11.5,51,0,2.7,3.6,15.3,16.7,10.4,9.2,7.7,81.1
1987-09-01,13.6,10.9,43.8,0,6.6,8.6,17.9,17.4,11.4,7.6,12,85.7
1987-10-01,19,13.7,47.3,0,6.9,9,17,18.6,13.3,8.6,7.1,84.3
1987-11-01,22.4,3.8,39.7,0,4.5,5.1,19.1,15.2,12.1,9.3,8.9,83.4
1987-12-01,16.9,22.8,55.9,0,10.4,13.4,19.5,22.2,14.9,11.8,13.2,107.4
1988-01-01,18,24,54.2,0,6.2,7.2,18.4,17.7,11.5,8.9,10.6,85.3
1988-02-01,21.8,11.1,49.7,0,5.8,8.6,15.9,18,8.9,8.6,8.4,76.4
1988-03-01,18.7,25.9,57.7,0,9.9,10.6,22.9,19.5,5.6,9.3,9,83.2
1988-04-01,23.8,17.5,51.5,0,7.6,8.9,13.1,9.9,5.3,8.5,11.6,64.7
1988-05-01,20.8,13.8,54.4,0,8.2,8.9,21.4,17.5,7.4,7.6,15.4,85.9
1988-06-01,24.6,13.7,63.6,0,6.5,10.9,18.1,14.5,5.9,10.7,12,79.8
1988-07-01,16.7,14,53.5,0,8.4,10.9,20.1,18.8,9.2,6.8,14.7,90.9
1988-08-01,18.1,12.5,46.2,0,6.1,6.5,32.8,21.2,12.8,12.2,16.8,114.6
1988-09-01,23.4,12.5,49.7,0,10.1,11.6,30.4,21.2,12.1,11.2,20.7,124.5
1988-10-01,18.3,13.3,41.1,0,6.9,8.6,28,17.5,10.1,11.5,19.6,108.6
1988-11-01,28.1,17.8,58.1,0,9.7,10.4,31.2,17.3,12.1,9.4,15.6,102.7
1988-12-01,20.3,14.5,47.6,0,5.1,6.5,34.9,20.9,11,11.2,18.3,117.7
1989-01-01,32.4,18.1,76.4,0,5.3,5.9,30.4,22.2,8,8,8.4,94.3
1989-02-01,23.2,16,55.1,0,7.1,7.6,30.5,15.7,8.1,8.5,9.5,86.7
1989-03-01,17.5,17.5,43.6,0,8.2,8.4,26,11.8,3.9,9,13.8,79.5
1989-04-01,16.3,22.5,60.4,0,8.2,8.6,23.7,15,6.4,11.7,12.7,94.1
1989-05-01,25,21.7,58.3,0,11.8,12.3,40.7,18.9,7.1,9.8,15.4,113.2
1989-06-01,23.1,24.1,67.2,0,11.6,12,40,20.8,7,10.8,12.6,130.3
1989-07-01,17.4,11.6,46.3,0,7.2,7.7,33.2,14.6,15.3,11.7,26.6,121.6
1989-08-01,21.1,22,57.8,0,13,13.2,46.4,16.3,11.7,15,27.6,149.3
1989-09-01,19.8,15.3,46.1,0,9.3,10.1,29.8,14.9,9.3,12.8,26.3,115.4
1989-10-01,27.5,14.3,61.8,0,9.1,10,46,20.8,8.3,12.8,26.9,137.4
1989-11-01,28.9,16.6,60.9,0,6.7,7.7,36.8,11.5,8.1,10.8,20.1,114.1
1989-12-01,8.2,21.8,47.9,0,11.3,12.3,41.6,19,10.3,12.8,9,114.5
1990-01-01,22.9,14.3,57.4,0,5.9,6.4,21.9,13.4,8.9,9.6,27.3,103.7
1990-02-01,14.2,22.8,48,0,9.8,11.7,42.2,11.2,4.1,11.3,18.3,105.2
1990-03-01,22,11.6,56.6,0,8.5,8.7,45.3,13.5,8.9,12.7,13.3,118.3
1990-04-01,23.7,13.3,57,0,6.2,7,34,14.7,8.8,11.8,36.8,130
1990-05-01,25.5,19,65,0,4.2,4.8,46.6,19,10.8,14,15.7,132.1
1990-06-01,20.9,16.4,71.7,0,7.6,8.4,48.1,20.5,11.8,11.1,19.9,136.2
1990-07-01,28.2,18.4,70,0,9.7,12.5,77.9,23.2,10.6,12.5,21.5,172
1990-08-01,26.5,14.7,55.6,0,5.3,5.8,50.6,17,8.7,13.7,19.7,132.3
1990-09-01,31.4,32.2,84.4,0,19.3,20.5,35.9,24.2,14.4,19.6,29.8,161
1990-10-01,39.2,11.3,83.1,0,10.4,12.9,61.4,30.9,11.1,19.5,22.5,188.3
1990-11-01,33.2,27.2,88.6,0,12.7,16.8,49.9,23.5,12.4,19.7,28.9,173.1
1990-12-01,30.4,27.7,80.9,0,13.3,16.7,58,24,13,15.3,15.4,161.9
1991-01-01,27.3,24.6,82.5,0,3.6,6.7,46.8,28.6,10.3,14.1,16.6,146
1991-02-01,22,30.4,86.9,0,13.6,16.8,78.5,21.8,10.7,22,11.3,176
1991-03-01,22.8,19.3,71.9,0,9.4,12.3,77.1,22.7,14.1,16.7,32.3,200.4
1991-04-01,38.9,29.8,101.5,0,20.1,23.3,102.3,32.6,15.1,21.4,15.1,240.6
1991-05-01,38.9,29.7,113.5,0,11.6,14.1,88.5,26.8,14.7,22.4,18.6,216.3
1991-06-01,35.4,21.8,98.9,0,11.2,13,48.5,32.6,11.9,14.8,19.5,163.4
1991-07-01,36.4,19.8,91.2,0,14.2,16.1,64.9,33.9,21.8,23.6,26.5,217.2
1991-08-01,33.8,17.7,81.5,0,10.9,11.9,60.1,27.7,14.1,20.3,30.9,189.4
1991-09-01,38.9,18.8,91.1,0,11.9,12.8,55.4,34.3,18.4,21.8,26.8,202.2
1991-10-01,46.7,21.7,105.3,0,14,15.5,49.2,31.6,17.5,29.3,24.5,196
1991-11-01,31.5,21.6,76.4,0,11.2,12.6,41.7,23.5,10.7,16.3,15.4,145.7
1991-12-01,32.4,24.4,102.5,0,11.1,14.2,49,28.9,16.3,20.6,16.8,177.9
1992-01-01,38.7,26.6,100.9,0,5.8,6.7,36.1,27.8,8.5,8.8,29.1,142.4
1992-02-01,39.7,36.9,111.7,0,12.7,13.8,42.7,27.7,9,15,22.1,156.7
1992-03-01,25.2,31.2,85.3,0,13.7,14.4,57,34.3,15,19.3,35,205.3
1992-04-01,31.6,26.3,86.8,0,8,8.7,39.3,25.2,12.1,12.7,21,143.2
1992-05-01,35.5,37.3,110.4,0,13.9,15.6,51.6,43.5,14.6,18,27.8,200.5
1992-06-01,38.7,27.5,90,0,12.1,15.8,52.3,29.6,12.4,17.1,37.3,189.1
1992-07-01,27.5,24.5,82.5,0,11,11.8,58.6,39.1,17.9,19.4,21.4,202
1992-08-01,26.9,21.4,75.7,0,17.1,18.1,59,29.5,17.7,16.9,29.4,197.3
1992-09-01,39.5,23.8,97.9,0,22.9,23.8,66.7,36.2,23.1,21.2,28,228.3
1992-10-01,32.8,26,84.5,0,17.4,19.5,60.6,37.1,19.1,21.5,29.6,216.1
1992-11-01,40.3,28.2,90.5,0,17.7,20.9,57.8,29,16.6,21.5,33.4,202.2
1992-12-01,30.9,30,79.4,0,27.4,28.1,51.6,30.8,18,16.9,31,188.7
1993-01-01,34.7,27.7,79.2,0,11.9,13.3,34.5,25.2,10.4,8.7,19.3,127.1
1993-02-01,42.2,37.8,93.7,0,22.4,23.3,50.2,29.1,15.1,14.3,26.7,170.8
1993-03-01,40.3,41.6,107.7,0,40.4,57.2,69.2,45.7,19.1,23.3,34.5,236.2
1993-04-01,33.6,29.4,86.5,0,29.8,30.6,52.7,31.7,16.7,22.2,45.4,212.5
1993-05-01,43.3,39.1,107,0,29.6,30.8,65.9,37.7,17.3,25.6,20.4,215.3
1993-06-01,34.3,33.8,91.7,0,45.9,48.3,68.4,39.5,15.5,24.7,19,217.6
1993-07-01,34.7,25.4,85,0,30.5,31.5,74.9,36.8,18.7,26.7,22,223.4
1993-08-01,29.1,27.2,74.9,0,45.6,46.5,65.9,39.2,18.5,19,23.6,218.5
1993-09-01,37.3,26,87.1,0,40.1,41.7,76.2,42.9,20.9,20.9,25.5,239.9
1993-10-01,29.1,26.3,74.3,0,37.2,38.5,57.4,34.4,15.2,18.1,22.5,192
1993-11-01,31.9,31,85.5,0,40.4,41.4,57.1,36.3,16.3,22,29.6,205.1
1993-12-01,34.9,34.2,90.1,0,25.8,26.3,60,42.5,14.8,16.3,45.6,233.8
1994-01-01,23.3,36.5,81.4,0,24.1,25,47.3,27.5,12.8,13.3,54.6,193.4
1994-02-01,40.8,38.7,98.9,0,34.6,40.1,55.5,46.9,15.7,16.6,22.8,206.9
1994-03-01,30.6,38.8,94.8,0.5,27.6,42.6,55.9,47.1,20.4,17.1,29.6,218.4
1994-04-01,49.5,40.9,113.4,0.4,27.2,45.6,57.9,44.9,16.8,21.8,33.5,222.5
1994-05-01,47,44.8,123.6,0.9,31,35.5,66.6,46.3,17,22.6,49.5,257.7
1994-06-01,26.4,38.6,106.6,0.8,37.7,41.5,66.6,45.6,19.2,21.4,39.3,247.2
1994-07-01,36.7,28.4,85.1,1.7,29.4,31.6,54.9,40.6,14.9,17.8,33.7,207.2
1994-08-01,41,32.2,103.6,2.1,43.2,49.7,70.5,49.2,20.5,19.6,47.2,262.1
1994-09-01,41.6,26.5,94.6,6.3,29.6,40.3,69.4,48,19.2,19.3,33.8,245.2
1994-10-01,49.4,31.9,108.1,6.4,38.7,47.1,60.3,49.7,19.4,17.2,32.2,233.5
1994-11-01,54.3,33.9,119.7,8.5,49.7,66.7,61.8,55.7,20.1,19.4,36.7,250.1
1994-12-01,49.7,38.5,117.1,7.9,50.3,59.9,64.5,47.4,19,17.8,52.8,258.5
1995-01-01,20.2,37.8,85.5,12.7,39.5,52.7,49.5,50.6,18.6,13.1,30.9,214.8
1995-02-01,23.4,42.9,88.2,11.1,72,87.3,68.9,58.4,16,14.7,32.8,244
1995-03-01,32,58.2,118.9,16.6,70,91.4,75.2,72.3,20.9,19.7,82.9,330.7
1995-04-01,42.1,35.4,98.9,12.5,41.6,56.2,63.7,61.6,15.1,19,60.7,271.6
1995-05-01,33.8,46.5,107.5,13.1,58.7,79.1,72.9,66.7,21.8,19.7,53.5,298.8
1995-06-01,38.9,44.1,109.8,12.1,36.4,49.6,67.2,81.2,22.2,18.5,50.4,307.1
1995-07-01,49.3,39.8,121.4,16,34.3,54,72.9,73,26.4,16.9,45.4,297.8
1995-08-01,36.7,35.6,100.7,14.3,36.6,55.5,84.4,83.6,23.6,16.9,45,333.2
1995-09-01,37.4,35.4,101.9,16.9,14.7,40.2,73.7,72.6,24.2,17.7,62,318.2
1995-10-01,41.6,33.4,97.5,15.3,20.2,41.4,79.1,71.1,24.8,17.6,47.1,315.6
1995-11-01,45.5,34.8,107.1,11.8,14.1,31.5,78.1,70.9,24.4,16.2,40.8,310.1
1995-12-01,30.2,32.9,91.2,16.3,14.2,34.1,59.6,66.8,16.5,13.1,39.4,263.8
1996-01-01,33.7,46.5,102.3,24.1,14.3,42.1,51.7,50.4,16.5,12.5,28,216.7
1996-02-01,37.2,45.8,101.5,13,17.8,39.9,59.9,60.8,15.9,10.4,53.6,266
1996-03-01,40.5,58.1,125,27.2,22.8,54.6,64.5,75.9,16.6,12.1,51.1,289.9
1996-04-01,44.1,60.2,132,28.3,10.7,46.6,64.3,78.1,15.9,12.5,63.2,299.8
1996-05-01,44.8,42,114.7,23.5,18.5,45.6,66.1,78.7,17.5,12.9,40,292.4
1996-06-01,46.1,42.5,114.4,16.4,13.8,37.2,59.6,72.8,16.5,11.1,32.9,261.5
1996-07-01,41.6,44.8,110.6,13.3,8.7,27,71.8,86.7,21.4,10.8,36.1,307.5
1996-08-01,7.7,37.2,61,11.3,14.8,32.1,68.9,75.5,16.7,9.5,47.3,285.1
1996-09-01,40.9,41.9,96.9,12.1,13.8,31.3,65.3,78.7,19.8,11.7,41.5,284.1
1996-10-01,45.2,32.4,94.5,15.5,15.6,34.5,59.8,84.1,19.7,9.6,49,294.1
1996-11-01,46.6,30.4,99.7,14.3,15.7,35.7,64.4,71.1,23.9,10.4,76.7,316.5
1996-12-01,30.7,28.2,81.4,5.3,7.9,19.5,64.2,81.9,22.5,12.3,48.7,316
1997-01-01,22.2,31.6,69.3,16.2,11.5,29.5,56.7,70.2,19.8,6.7,38.4,245.2
1997-02-01,57.8,46.8,128.1,3.1,11.5,18.6,45.7,73.4,16.1,6,45.8,260.7
1997-03-01,19.3,35.2,68.3,7.3,10.7,23.8,46.8,73.7,21,8.9,36.7,257.6
1997-04-01,62.6,60.4,150.1,12.5,10,31.2,74,99.9,19.9,11.5,113.4,409.1
1997-05-01,45.3,81.3,146,7.8,19,28.5,65.7,98.5,20.7,11.5,50.1,331.7
1997-06-01,35.6,33.4,98.3,8.3,10.4,24.2,56.8,93,23.2,10.9,43.2,312.2
1997-07-01,53.5,62.5,147.5,4.7,10.8,23.3,75.1,109.5,24.1,12,61.9,393
1997-08-01,36.2,31.6,83.4,4.1,10.1,15.1,54.3,93.7,19.7,10,57.2,322.2
1997-09-01,54.7,46.3,121.5,2.5,10.1,13.8,68.7,110.7,22.3,11.4,52.2,360.8
1997-10-01,35.9,35.8,90,3,12.8,21.5,62.1,89.9,19,12.7,57.4,347.6
1997-11-01,28.3,40.7,91,2.7,12.4,16.9,64,88.1,21,14.1,61.1,354.3
1997-12-01,51.9,40.2,116.8,3,11.8,21.8,58.9,92.6,24.3,13.4,64.5,366.5
1998-01-01,43.4,31.3,99,1.9,3,6.1,40.6,77.3,22.6,6.5,44.2,273.7
1998-02-01,15.6,32.2,66.7,3.4,10.8,19.9,54.1,82.1,18.9,9.1,113.4,358.1
1998-03-01,58.6,36.8,123,2.4,8.1,17.1,60.6,94.3,21.2,12.6,69.1,365.9
1998-04-01,41.2,61.3,127.2,3.3,7.4,15.7,55.8,86.6,20.2,11.9,52.1,325.2
1998-05-01,39,88.4,156.6,1.6,4.9,11.5,60.8,102.6,23.9,12,64.9,375.7
1998-06-01,32.2,53.2,122.5,1.6,5.4,9.6,59,102.1,27.4,13.6,66.1,361.6
1998-07-01,41.4,56.3,120.7,1.6,5.9,12.4,63.2,95.7,23.9,12.7,62.4,376.6
1998-08-01,43.9,31.7,100.8,0.8,6.3,14.3,51.9,97.9,23.3,9.5,61.2,333.9
1998-09-01,26.9,52,105.3,0,12.8,17.6,61.6,103.3,23,11.5,68.7,364
1998-10-01,60.3,35.7,118.3,0,3.8,9.8,57.4,98,22.2,13.6,55.8,332.8
1998-11-01,32.3,27.4,82.4,0,5.3,10.3,54.8,88.2,19.3,12.7,50,308
1998-12-01,48.5,49.6,128.4,0,9.3,17.3,56,89.1,27.3,9.2,51.3,324.9
1999-01-01,37.1,40.9,96.9,0.1,5.5,6.4,41,78.6,17.4,5.8,42,234.8
1999-02-01,39.1,41.3,100.9,0.5,7.7,13.4,48.6,87.3,17.4,7.7,42.6,273.8
1999-03-01,80.5,52.8,155.2,0,10.2,21.1,52.4,98.1,21.5,11.4,67.9,359.6
1999-04-01,31.6,42.9,101,0,6.6,15.7,48.9,83.4,20.1,11,52.3,284.1
1999-05-01,55.9,58.3,136.9,0,11.5,21.3,52.9,95.5,21.4,11.9,51,313.2
1999-06-01,53.5,49.9,134.8,0,14.4,21.6,55.6,106.9,23.6,10.9,58.7,351.3
1999-07-01,44.2,52.2,120.9,0,9,20.5,55.2,112,21.8,10.7,57.4,349.8
1999-08-01,42.3,60.5,125.7,0,7.8,21.2,58.3,107.8,21.7,14.1,43.1,327.1
1999-09-01,44,58.8,126.4,0,15,34.1,55,97.2,23.8,12.8,52.3,331.3
1999-10-01,56.8,26.2,102.3,0,2.2,15.9,46.3,98.4,18.6,9.4,56,320.4
1999-11-01,31.2,36.7,85.8,0,6.4,21.1,61.3,113.9,22,15.2,53.7,371.9
1999-12-01,42.9,30,92.5,0,11.5,25.5,56.9,118.7,30.6,14,55.6,370.3
2000-01-01,36.2,30.5,92.7,0,5.9,8.4,47.3,107.7,25.4,9.3,55.9,360
2000-02-01,47.3,42,106.9,0,7.7,10.5,57.5,101.2,19.8,8.7,43.2,318.2
2000-03-01,52.7,32.8,110.5,0,5.8,8.8,64.6,109.2,22.4,14,55,382
2000-04-01,27.3,39,88.7,0,5.2,6.5,47,88,19.5,10.2,41.5,290.3
2000-05-01,59.6,43.5,128.3,0,9.7,13,72.4,120.6,29.3,15.1,55.6,400.2
2000-06-01,48.4,44,116.9,0,3.3,6.7,65.4,121.4,25.6,19.4,53.8,410
2000-07-01,19.4,106.2,152.7,0,10.1,13,57.2,102.7,26.6,15.2,44.3,372.6
2000-08-01,37.9,66.7,130.6,0,15.9,19.1,72.3,145.3,34.3,21.1,55.1,466.9
2000-09-01,28.2,51,104,0,8.3,12,64.5,130.3,31.4,17.7,69.1,456.2
2000-10-01,40.1,37,102.1,0,8.8,10.9,68,114.4,28.6,15.5,55.6,403.4
2000-11-01,42.7,41.6,106.4,0,11.4,15.4,83.6,110.1,27.7,19.6,64.4,439.9
2000-12-01,41.1,49.5,115,0,4.7,8.8,60.6,111.4,27.6,18.1,79.6,423.9
2001-01-01,17.9,41.7,83,0,6.6,8.1,62.5,98.4,31.8,12.6,59.7,399.3
2001-02-01,44.3,51.1,117.2,0,11.7,15.8,55.6,108,26.1,13.2,50.1,369.1
2001-03-01,42,56.7,118,0.2,6,9.9,69,121.5,34.3,17.9,65,460.6
2001-04-01,35.8,55.9,114.3,0,5,8,66.2,102.1,33.5,14.7,49.7,410.6
2001-05-01,23.6,61.6,118.4,0,10.8,14.8,66.6,124.6,36.3,18.4,64.2,460.6
2001-06-01,39.1,55.4,123.2,0,5.2,9.2,69.6,118.8,35.8,17.3,53,432.6
2001-07-01,32.2,63,128.5,0,9.3,15.3,68.9,132.5,34.3,17.5,53.8,483.9
2001-08-01,22.9,61,125,0,6.8,9.4,73,118.4,38.2,17.2,65.4,492.5
2001-09-01,29.3,33.5,93.9,0,9.2,14.5,71.3,106.8,33.8,18.3,76.2,471.7
2001-10-01,39.8,38.1,113.5,0,6.9,11.6,74.5,117.8,35,17.4,58.6,467
2001-11-01,39.7,46.1,117,0,5.8,10.8,75,117.6,34.7,16.5,78.5,481.3
2001-12-01,41.2,46.4,116.8,3.1,6.1,14.8,63.8,113.1,25.7,12.9,58.3,408.5
2002-01-01,44,47.7,120,0,7.9,11.9,54.3,112,28.9,9.7,62.7,421.2
2002-02-01,40.7,60.2,127.3,3.9,9,18.6,52.8,111.3,27,10.9,54,381.5
2002-03-01,35.4,46,103.2,1.7,3.6,9.4,48.9,100.8,25.6,10.9,45.3,336.2
2002-04-01,24.5,91.1,133.3,3.1,6.7,16.6,70.7,135.5,32.9,15.2,66.3,485.6
2002-05-01,47.3,73.1,147.7,3.8,8.7,16.8,64.9,139,36.2,14,73.7,479.5
2002-06-01,29.1,65.8,119.9,1.6,4.3,11.2,56,115,28.3,12.3,50.9,373.7
2002-07-01,34.2,65.3,125.3,5.8,11.2,23.2,68.7,148.7,36.4,16.1,64.5,482.8
2002-08-01,39.1,42.8,103.1,3.8,3.4,10.9,61.7,121.3,29.7,13.3,53.9,392.5
2002-09-01,36.1,48.8,102.8,12.4,12.2,32.3,64.5,115.8,34,14.5,77.5,453.6
2002-10-01,36.1,42,100.2,26.1,7,44.5,68.8,110,39.5,17.1,82,465.8
2002-11-01,41,45.3,104.9,2.9,10.3,21.9,66.5,86.9,29.7,13.3,50,372.5
2002-12-01,33.5,46,99,29.5,7.8,44.1,58.7,92.6,24.8,13,55.3,373
2003-01-01,38.8,27.2,87.5,32.6,3.8,39.4,49.1,78.9,23.8,9.2,54.3,304.3
2003-02-01,46,78,147.2,30.6,7.1,44.9,62.3,97.9,35.4,11.4,65.1,387.6
2003-03-01,48.2,58.3,129.9,36.9,10,51.9,66.4,115.5,35.1,14.7,55.1,397.6
2003-04-01,37.9,59.6,117.4,49.9,4.2,58.6,72.8,118,31.2,13.2,69,416.4
2003-05-01,15.6,71.6,106.3,46.4,7.6,71.8,64.7,101,35.4,15.1,69.4,404.9
2003-06-01,50.7,56.4,128.1,44.3,4.5,54.5,66.7,92.3,33.3,15,55.5,357.7
2003-07-01,23.2,83.8,128.8,43.8,6.4,66.2,92,118.1,37.1,14,74.8,459.2
2003-08-01,25.1,58.2,105.6,56.1,5.9,69.1,76.4,103.8,33.1,14.8,71.4,423.3
2003-09-01,35.4,52.1,111.8,69,12.3,106,74.8,105.7,34.9,13.9,81.8,432.4
2003-10-01,29.8,39.6,91.7,63.2,6.3,77.2,79,104.5,32.2,16.5,78.1,441.9
2003-11-01,35.2,44.7,101,57.6,4.3,76.2,77.5,109.7,31.1,14.5,77.2,428.2
2003-12-01,40.3,52.9,117.8,57.6,7.4,85.1,87.3,113.2,36.3,17,66.2,470.2
2004-01-01,55.5,38.1,116.5,43,1.4,52.3,63.8,96.5,25.4,10.8,66.1,361.4
2004-02-01,27,50,100.4,16.7,6.9,46.9,72,122,35.4,14.9,64.9,439.4
2004-03-01,17.9,70.4,113.5,41.7,8,57.8,94.1,128.2,39.4,16.5,73.7,505.4
2004-04-01,54.4,47.6,134,32.1,7.2,74.4,87.7,117.1,40,17,73.2,514.8
2004-05-01,33.1,65.1,126.3,62,5.7,86.7,89.6,129.4,38,17.1,70.8,512
2004-06-01,39,77.4,156.5,64.2,5.1,75.1,104.2,135.2,40.1,16.5,88.1,566.7
2004-07-01,19.8,70.1,138.9,46,4.6,63.4,116.3,140.1,42,17.1,87.3,612.3
2004-08-01,39.3,77.2,166,47,7.2,75.8,106,147.4,41.1,19.1,107.9,638.1
2004-09-01,23.6,52.4,133.4,38.2,9.4,67.8,105.4,146.1,37.6,15.6,97.5,612.8
2004-10-01,26.9,35.1,115.1,55.5,6.2,75.1,108.5,129.4,44.2,16.4,78.1,588.3
2004-11-01,49.9,63,160.4,61.5,5.5,83.4,123.3,140.8,47.1,19,93.2,637.8
2004-12-01,45.5,57.2,157.2,52.6,7.1,79.9,113.5,150.2,39.9,18.9,78.8,626.6
2005-01-01,55.7,64.2,155.1,41.2,4.5,55,83.4,129.5,32.9,10.3,72.6,489
2005-02-01,17.8,99.3,158.2,32,8.3,68.9,88.8,120,35,13.7,77.9,539.6
2005-03-01,36.4,58.1,148.9,51.3,6.9,83.3,98,149.4,43.8,17.5,87.5,617.4
2005-04-01,52.1,87.7,185.7,47.1,4.9,90.5,102,150.3,44.4,19.9,92.7,652.5
2005-05-01,45.3,106,191.6,33.6,6.5,65.1,110.5,154.3,43.5,18.7,104.9,667.5
2005-06-01,41.6,97,187,52.3,4.1,88.3,102.1,157.7,51.4,17.4,99.9,718.1
2005-07-01,57.8,68.2,174,39.3,4.8,58.2,106.6,161.7,44.8,16.9,90.4,667.2
2005-08-01,33,77,175.2,38.3,6.3,84,102.7,164,45.6,15.6,93.7,675.8
2005-09-01,43.3,83.8,180.5,43.4,9.5,72.3,119.1,160.6,45.5,16.8,113.6,728.6
2005-10-01,35.9,69,137.4,46.9,4.6,88.6,107.5,153.3,46.2,17.5,107.8,691.2
2005-11-01,38.5,48.4,128.6,50.8,5.3,101.4,132.2,169.6,49.6,21.9,97.7,725.9
2005-12-01,50.6,47.6,147.2,40.9,6.2,110.8,110.9,167.3,48.2,18.4,92.9,715.9
2006-01-01,32.1,53.6,123.9,39.1,6.7,119.3,80.6,130,41.6,15,92.8,582.5
2006-02-01,39.5,106.1,187.6,23.8,8,68.9,88.6,156.3,46.5,16.3,83.1,652.8
2006-03-01,42.5,99.3,179.3,25.9,6.7,82.9,107.2,179.8,55.1,20.4,107.9,766.4
2006-04-01,46.6,78.6,167.1,25.7,4.2,89.7,91.3,150.1,46.8,17.9,99.4,679.3
2006-05-01,62.4,110.4,226.5,30.3,8.1,118.7,109.8,166.6,56.8,23.4,94.3,773
2006-06-01,42.4,68.5,167.2,36,6.8,113.5,115.8,180.6,56.2,22.7,96.2,781
2006-07-01,38.1,93.6,187.5,22.8,6.4,109.9,114.1,179.2,45.9,16.7,103.9,744.5
2006-08-01,44.7,80.3,184.1,17.7,7.6,89.8,113.1,198.6,49.6,20.7,101.7,811.5
2006-09-01,47.2,89.2,194.3,15.6,11.2,105.4,128.1,208.2,52,21,101.4,870.9
2006-10-01,35,86.6,190.6,13.9,5.9,73.8,135,189.3,56.5,25.5,134.7,879
2006-11-01,54.7,56.3,187.9,15,9.5,94.3,139.2,179.2,59.9,25.8,129.6,912.3
2006-12-01,40.3,44.5,160.5,15.4,8.6,121.9,115.7,177.1,49.2,19.1,124.5,783.6
2007-01-01,22.6,48.4,138.6,17.7,8.8,75.8,87.8,166.8,51.1,16.9,100.8,722.2
2007-02-01,41.3,126,244,14.7,9.2,100.1,100,174.8,52.1,24,98.2,748.9
2007-03-01,55.8,100.1,243.2,14.7,7.6,85.8,128.7,204.1,60,27.3,121.4,934.7
2007-04-01,36.3,107.8,196.3,16.8,8.5,101.1,120.8,189,57.8,28.2,103.5,855.9
2007-05-01,63.4,106.4,238.9,12.5,7.8,78,150.1,227.1,69.5,33.7,119,"1,023.50"
2007-06-01,53.5,121,240.5,27.9,9.3,68.1,132.2,209.4,63.3,30.9,90.7,874.7
2007-07-01,43.6,95.8,199.8,28.7,6.4,78.5,146.5,212.8,73.2,31.2,118.7,981.3
2007-08-01,43.7,83,214.3,34.7,14,95.5,163.3,238.1,74,37.3,145.5,"1,064.20"
2007-09-01,44.7,102.8,233.1,47.7,16.4,122.9,177.8,221.6,70.3,42.5,108.1,"1,062.40"
2007-10-01,40.6,79.1,219.7,37.4,13.6,119.8,225.3,227.5,75.8,50.5,159.1,"1,189.80"
2007-11-01,72.5,81.3,267.9,46.8,8.7,136.7,257.2,230.5,74.7,65.6,135.2,"1,287.80"
2007-12-01,51.5,63.1,222.1,32.4,16,109.2,273.6,215.6,71,56.1,120.7,"1,209.00"
2008-01-01,53.8,68.1,221.1,40,9,134,184.8,225.2,68.9,36.5,96.6,921.4
2008-02-01,42.1,106.8,270.7,43.5,23.8,146.8,166.5,224.6,60.6,51.2,118.3,999.9
2008-03-01,40.1,86.8,222,38.8,14.5,104.1,147.9,252.3,61.7,51.3,132.7,"1,016.00"
2008-04-01,67.5,134.2,304.1,89.2,11.3,140.8,193.2,265.5,76.9,50.1,163.5,"1,132.80"
2008-05-01,64,109.2,271.7,84.6,16.7,141.8,194.4,260.5,76.2,48.4,159.9,"1,124.70"
2008-06-01,74.1,69.8,267.6,66.3,17.3,115.2,155.7,254.2,73.4,40.8,147.3,"1,030.20"
2008-07-01,54.8,117,302.1,102.8,12.7,143.1,166.9,318,85,46.8,160.1,"1,220.90"
2008-08-01,60.7,128.6,308.4,79.7,15.3,122.2,149.7,262.9,56.8,47.3,124.6,"1,023.60"
2008-09-01,56.5,79.1,254.9,104.9,14.5,145.3,132.1,217.6,66.8,46,104.3,945
2008-10-01,24.3,76.6,239.4,100.7,5.8,138.5,201,289.8,80.6,86.3,134.5,"1,239.20"
2008-11-01,31.3,55,235.3,67.5,6.6,100.5,190.8,222.2,73.5,88.7,73.6,"1,040.00"
2008-12-01,85.2,63.2,306.3,73.3,6.4,107.8,175.7,275.8,81.8,60.9,131.8,"1,185.60"
2009-01-01,52.3,38.3,221.8,70.2,3.5,95.1,100.3,205.5,79.1,27.5,108,794.2
2009-02-01,77.7,52.3,255,145.4,13.6,192.6,109.7,231.8,71.5,43.1,102,901.8
2009-03-01,84,87.4,327.4,123,6,163.4,120,236.5,73,39.3,122.1,912
2009-04-01,56,110.1,289.2,98.4,5.1,145.2,99.5,212.9,60.1,23.9,119.4,787.9
2009-05-01,64.3,126.4,323.6,91.9,5,139.7,144.4,210,64.3,25.4,116.4,862.9
2009-06-01,61.2,54,192.8,101.7,8.4,140.9,125,218,70.2,27.5,118.7,864
2009-07-01,80.9,132.6,291.3,123.1,4.8,154,91,256.8,67.1,21.9,125.8,872.3
2009-08-01,62.7,96.5,213.9,110.3,5.7,142,78,223.7,54,13.4,87.4,711.3
2009-09-01,87.6,121.3,249.9,141.9,11.5,181.4,86.2,274.6,58.4,16.4,139.6,853.4
2009-10-01,75.9,87.2,185.6,144.6,2.8,162.9,84.9,247.7,54,14.4,143.7,807.7
2009-11-01,83.4,59.2,178,180,7.7,238.7,76.4,233.6,47.3,16.2,116.6,743.1
2009-12-01,51,83.9,178,206.9,14.3,255.3,81.9,245.8,56.2,16.9,193.7,865.6
2010-01-01,58.1,69.7,159.4,142.6,6.6,172.4,56,190.7,52.2,14.6,160.7,682.6
2010-02-01,56.6,96.1,176,142.5,18.7,189.7,74.6,192.9,50.6,15.8,100.5,704.4
2010-03-01,75.3,148.1,270.8,171.8,10.1,211.2,79.3,273.1,64.2,22.8,152,917.5
2010-04-01,57.3,78,167.2,164.1,8.3,203,85.6,279,59.9,18.5,170.7,879
2010-05-01,48.6,142.2,227.2,172.3,9,200.6,90.8,286.5,65.9,23.2,110.8,891.2
2010-06-01,39.3,75.6,139.6,164.4,8.9,187.1,87.2,235.4,51.4,18.4,90.1,728.2
2010-07-01,64.2,103,189.1,135.2,3,147.2,94.8,217.7,50.4,17.8,102.9,717.5
2010-08-01,65.6,109.9,204.3,139.2,8.7,160.5,79.3,220.5,51.2,18,101.7,713
2010-09-01,70.2,91.7,192,187.1,12,214.4,110.8,246.8,58.6,17.8,141.3,891.7
2010-10-01,82.7,85,198.9,192.3,5.7,213.7,96.8,261.2,53,20.2,127.2,829.5
2010-11-01,74.1,95.9,194.3,190,5.8,210.1,89.3,245.7,54.5,21.3,117.7,763.8
2010-12-01,56.2,145.4,232.9,293,14.1,329.2,112.1,268,52.1,24.5,116.2,836.8
2011-01-01,73.8,110.3,210.2,145.5,5,176,75.4,207.7,50.9,17.6,94.4,660.5
2011-02-01,50.1,122.4,200,184.4,14.6,225.3,82,245.8,39.8,18.8,112.3,783.8
2011-03-01,63.8,119.5,231.2,210.3,6.4,242.7,109.6,322.6,69,26.2,173.3,"1,084.40"
2011-04-01,56.6,107.8,202.7,213.3,6,247,92.5,293.6,61.3,23.8,163.1,929.8
2011-05-01,95.9,169.6,304.8,226,15.4,272.2,93.5,297.5,68.9,26.9,169.2,921.1
2011-06-01,73.6,132.4,253.9,204.1,9.1,241.8,95.6,283.7,66.4,22.9,181.5,938.6
2011-07-01,30.7,93.4,152,224.3,10.8,262.5,89.9,317.6,65.7,21.6,171.7,951.4
2011-08-01,79.3,91.8,202.2,267.6,12.4,309.3,99.7,312.7,65.8,24.1,169.4,969.2
2011-09-01,75,72,182.3,243,24.4,285.1,85.1,280.1,63,22.8,170.5,915.2
2011-10-01,83.3,71.4,186.9,260.8,3.3,291.2,93.5,278.3,57.5,20.9,158.9,902.3
2011-11-01,72.8,95.8,204.4,291.3,12.4,326.4,106.8,283.2,59.1,28.1,161.6,921.7
2011-12-01,60.5,64.9,177.2,304.3,14.1,351.2,98,279.3,63.6,21.7,179.7,946.1
2012-01-01,60.6,128.1,232.1,199.3,9.3,238.7,66.7,253.2,47.5,17.8,129.4,758.9
2012-02-01,46.5,101.1,189.4,296.1,15.2,337.1,86.8,280.5,42.5,17.3,139.4,879.2
2012-03-01,47.4,158.2,264.9,275.6,10,306.9,99.6,314.3,48.2,23.5,170,977.6
2012-04-01,50.9,87.6,203.3,258,5.3,279.5,84.2,268.4,41.2,22.3,126.8,825.5
2012-05-01,100.1,134.4,307.3,266.7,17.6,311.9,102.3,331.3,43.2,27,162.7,"1,024.10"
2012-06-01,91.4,80.2,242,289.1,9.4,315.7,100.7,283.3,45.4,24.9,127.4,902.5
2012-07-01,62.6,147.9,289.1,284.1,5.7,306.7,101.5,284.9,50.1,24.1,154,979.9
2012-08-01,68.3,89.1,238.3,298.3,13.6,338.8,90.2,334.3,45.7,24,167.2,"1,023.20"
2012-09-01,54.9,81.7,205.4,313.6,12.1,343.9,95.7,276.7,44.7,23.6,177.8,970.3
2012-10-01,85.1,82.8,236.9,335.5,3.9,377.6,107.7,308.2,49.9,26.6,178.6,"1,043.90"
2012-11-01,80.6,110.4,259.6,281,8.5,312.1,106.5,303.9,49.7,28.4,147.9,"1,018.50"
2012-12-01,73.7,68.5,203.9,287.9,11.5,341.3,90.1,286.7,38.7,27.7,110.2,884.1
2013-01-01,45.6,102.8,212.9,297.3,7.9,325.6,62.9,296.9,40.5,21.6,111.1,834.5
2013-02-01,47.2,95.6,234.7,239.3,13,288,74.2,276.3,38.4,24.7,112.3,950.9
2013-03-01,54.6,128.7,288.5,250.5,5,275.1,81.5,272.3,32.2,24.8,109,838.2
2013-04-01,99,165.1,361.4,234.7,9,285.9,97.2,329.2,44.9,31.5,144.2,"1,016.50"
2013-05-01,74.5,138.2,303.5,187.7,11.5,231.2,98.2,346.6,41.9,30.6,132.5,"1,084.50"
2013-06-01,72.4,118.2,269.1,174.9,24.5,220.6,70.1,308.2,40.6,28.1,131.6,941.5
2013-07-01,72,100.4,222.1,150.8,6.9,188.5,84.5,337.6,50.9,29.3,141.8,959.1
2013-08-01,36.4,129.2,241.4,108.9,9.3,131.3,75.2,291.2,39.5,27.9,142.1,859.1
2013-09-01,36,96,206.8,150.6,11.9,185.5,82.1,344.5,40.2,22.8,151.4,960.3
2013-10-01,66.7,84.3,236.6,134.2,5,157.9,93.6,371.6,45.6,29.4,155.6,"1,041.10"
2013-11-01,70.2,94.9,236.4,138.8,9,162.1,87.6,314.6,41.3,27.7,158.2,954.9
2013-12-01,89.3,81.2,235.6,158.9,12.6,195.4,72.5,324,40.2,27,156.7,952.1
2014-01-01,69.6,107.9,233,119.7,4.8,247.1,55.9,255.5,34.9,24.1,117.4,734.7
2014-02-01,89.8,126,255.4,124.5,16.8,162.1,64.6,278.5,37.2,23.5,133.7,848.9
2014-03-01,67.2,123.7,240.5,164,8.9,194,69.8,294.5,37.6,29.7,160.7,902.4
2014-04-01,64.6,117.3,238.5,127.3,4.1,149,73.7,292.2,34.8,26.7,173.9,887.5
2014-05-01,122.9,169.8,349.8,126.5,9.9,155,81.7,314.1,41.4,28.4,170.3,949.8
2014-06-01,92.6,135.9,272.8,121,9.2,148,64.2,292.9,32.2,26.7,169.1,857.9
2014-07-01,54.5,131.7,237.3,137,10.8,163.6,83.9,367.8,43.3,34.6,179.5,"1,064.70"
2014-08-01,57.1,83.9,194.1,115,11,135,73.7,344.1,39,23.7,201.7,991.4
2014-09-01,67.7,93,209.2,143.7,18.9,175.4,70.9,348.4,34.6,30.1,200,"1,009.30"
2014-10-01,42.4,100.6,182.8,125.4,12.9,185.5,85.9,334.2,34.8,28.7,158.4,961
2014-11-01,39.1,98.6,188.7,99.4,15.2,139.9,76.2,302.1,34,29.7,182.2,929.2
2014-12-01,68.1,85.9,205,178.4,22.6,224.5,75.2,338.2,32,30.4,128.6,921.5
2015-01-01,56.7,117.6,221,95.6,3.5,121.4,49,261.3,32.5,22.7,117.8,685.5
2015-02-01,82,112.7,239.8,36.6,4.3,53.1,60.7,275.2,25.3,27.5,147.1,827.1
2015-03-01,83.8,146.9,276.5,87.2,17.2,115.8,62.2,251.3,24.1,27,136,778
2015-04-01,100.1,110.7,261.4,113.7,10.4,142.8,78.8,303,32.1,27.8,150.5,855.1
2015-05-01,66.2,144.5,245.9,69.1,12.5,97.7,70.6,324.9,38.1,25.9,143.1,873.8
2015-06-01,68,95.6,204,116,23.2,149.5,67.1,307.7,32.4,24.8,115,895.6
2015-07-01,45.4,109.5,209.9,101.5,10.2,133.7,72,329,35.4,20.9,159.4,881.4
2015-08-01,48,92.4,187.3,103.7,20.1,133.7,69.1,284.1,27.2,20.8,124.5,787.8
2015-09-01,63,96.9,208.3,90.2,24.6,128.8,71.6,315.8,28.1,24.7,162.8,866.1
2015-10-01,80.8,83.5,224.3,91.2,6.5,115.1,61.5,286.1,21.3,20.6,147.8,811.1
2015-11-01,45.9,101.7,196.5,83,7.5,97.8,58.2,252,28.9,21.5,125.9,736.3
2015-12-01,62.7,83.4,197.6,102.3,20.4,129,64.3,300.2,27.2,21.8,138.6,846.4
2016-01-01,38.9,80.7,167.8,73.6,5.6,95.1,39.8,201.5,19.8,18.4,102.4,586.5
2016-02-01,84.1,147.6,273.8,88.5,22,117.8,61.5,232.9,22.1,22.3,171.8,743.3
2016-03-01,104,120.9,269.4,96.2,10.4,117.3,59.6,228.4,21.6,21.4,159.3,740.5
2016-04-01,101.9,124.9,272.9,87.3,7.4,105.9,55.5,236.7,24.7,17.9,138,733.1
2016-05-01,104.5,138.4,293.6,98.2,8.2,114.8,60,285.8,26.4,19.8,136.2,785.2
2016-06-01,115.8,115.9,276,75.4,13.4,101.2,59.9,261.4,21,19.1,110.2,712.8
2016-07-01,30.6,100.3,163.9,85.8,8.2,98.5,43.3,223.7,17.4,14.6,104.2,561.4
2016-08-01,52,100.2,201.7,117.3,12.6,144.5,67.7,349.8,26.3,18.5,144.9,954.9
2016-09-01,64.5,98.8,206.9,178.6,18.3,206.5,56.3,278.5,29.8,17.6,122.4,791.7
2016-10-01,37.7,87.2,163.5,173.3,7.3,193,58.9,290.6,21.5,19.4,123,805.6
2016-11-01,92.8,102.2,237,228.8,14.5,253.4,56.1,248.7,23.8,19.4,129.4,761.5
2016-12-01,88.1,95.2,270.1,247.4,20,283.2,57.8,261.8,30.2,16.8,138.8,784.2
2017-01-01,57.3,87.5,189.9,122.2,4.6,133.3,48,211.3,23.4,15,116.4,612.9
2017-02-01,75.7,129.2,249.6,175.8,13.5,201,44.2,220,25.4,13.6,103.6,637.1
2017-03-01,129.9,151.7,345.7,171.7,23.6,203.8,59,262.4,23.7,20.8,150,773.8
2017-04-01,50.6,83,181.5,135.3,5.9,155.2,51.6,214.8,26.5,13.4,159.5,684.8
2017-05-01,152.8,147.6,358.8,173.6,15.2,201.5,63.8,256.7,24.8,17.7,170,814.4
2017-06-01,80.4,186.8,325.9,163.8,17.4,197.2,59.8,271.3,25.9,17.7,140.4,790.3
2017-07-01,65.5,102,235.8,124.2,7.5,138.2,59.8,297.6,28.9,15.3,166.7,867.2
2017-08-01,65.9,122.4,253.4,130.4,9.8,159.2,59.3,289.3,27.8,15.7,171.9,873.9
2017-09-01,70.5,91.4,212.3,123.9,12.4,151.5,55.9,279.2,27.5,16.6,172.3,871.9
2017-10-01,61.7,91.6,207,146,8.6,165,65.8,286.4,26.2,15.8,164.2,852.2
2017-11-01,53.5,113.3,213.1,135.3,14.3,155.2,60.8,276.2,26.4,18.5,160.5,848.4
2017-12-01,54.3,93.2,201.6,138.7,12.1,182.3,59.8,254.7,24.8,14.7,151.6,804.9
2018-01-01,85.9,114.5,283.1,57.8,5.9,69.5,51.3,248.5,26.2,12.5,148.4,725
2018-02-01,70.7,129.9,264.7,125.7,25.6,157.3,49.9,275.4,22.6,10.5,167.4,803.2
2018-03-01,67.6,139.5,285.7,114,5.9,126.1,57.3,251.9,25.2,15.2,150.8,805.2
2018-04-01,114.2,118.6,295.2,118.3,7.4,134,62.8,298.6,29.6,15.7,175.7,897.6
2018-05-01,91.5,168.3,326.3,125.1,8.7,165.9,65.2,287.1,33.5,13.7,174.8,895.8
2018-06-01,52.9,158.2,271,116.5,20.4,143.1,72.3,269,25.7,15.1,174.9,853.8
2018-07-01,69.7,142.6,274.3,122.4,3.7,133.6,64.7,290.5,28.9,14.1,137.4,828
2018-08-01,88.6,99,245,107.3,14.9,151.3,62.8,289.1,26.7,13.1,173.8,893.3
2018-09-01,52.6,91.1,190.2,117.2,10.4,134.7,56.7,272.6,26,13.4,144.1,816.4
2018-10-01,50.9,101.1,207.7,137.2,8.7,154.8,69,286.1,30.1,15.1,181.3,897.5
2018-11-01,62.5,99,206.8,121.9,15.8,149.5,64.8,284.4,27.5,14.9,153.5,816.9
2018-12-01,59.1,96.3,208.8,158.3,10.4,196.3,62.1,232.1,23.9,12.1,141.5,780.6
2019-01-01,87.9,100.1,250.9,115.2,8.9,130.7,42.1,255.5,28.2,11.1,134.7,753.4
2019-02-01,67.8,156.8,303.9,118.9,15.5,143.5,37.2,284.5,29.2,11.6,149,810
2019-03-01,70.6,150.1,287.2,150.9,8.2,168,42.7,226.8,26.2,11.5,149.9,732.3
2019-04-01,108,106.4,283.9,122.7,14.8,159.7,47.8,278.7,26.3,14.3,163.2,877.2
2019-05-01,124.4,179.9,372.5,111.7,18.5,138.3,43,293.8,34.4,14.8,180.4,894.2
2019-06-01,55.6,132.5,237.9,86.8,20.4,124.8,37.9,247.9,28.8,10.8,138.4,748.2
2019-07-01,63.2,106.5,237.6,128.2,13.7,161.5,44.6,299.2,27.2,12,155.6,878.1
2019-08-01,75.8,126.8,271.3,184.7,6.1,197.5,40.7,263.1,34.1,13.1,155.9,810.5
2019-09-01,60.3,92.7,205.6,174,15.8,195.1,41.7,287.8,24.7,12.6,153.1,862.3
2019-10-01,82.4,102.6,252.9,160.8,5.4,180.9,49.1,286.2,27.1,12.7,171.1,889
2019-11-01,69.5,120.1,248.7,158.4,7.2,171.2,43,242.9,26.2,11.3,144.3,796.2
2019-12-01,68.7,100.2,255.4,234.4,12.5,255.5,44.7,251.7,22.6,11,133.5,755
2020-01-01,122,96.2,289.8,108.5,4.3,130.8,32,226.6,20.7,6.8,139.9,673.9
2020-02-01,75.2,178.1,325.9,178.4,8.6,194.4,43.2,241,23.2,10.2,142.8,729.7
2020-03-01,73.7,151.3,309.7,194.1,4.8,207,40.4,247.1,21.3,9.1,162.8,758.9
2020-04-01,64.8,106.3,249.2,123.9,0,128.4,13,224.8,14.2,3.3,170.6,597.5
2020-05-01,80.4,145.4,299.5,222.6,0,237.9,20,208.6,24.4,3.3,177.5,589.7
2020-06-01,72.2,99.7,252.4,245.2,0.3,250.8,29.7,201.4,23.8,5.4,171.8,643.4
2020-07-01,72.6,105.5,244.3,286.6,1.9,315.9,35,259.7,26.9,6.4,180.6,763.1
2020-08-01,60.1,91.6,231.1,279.7,2.3,291.9,40.8,244.5,19.7,7.3,168.5,724.7
2020-09-01,62.5,107.2,244.3,292.5,1.3,302.1,35.7,278.8,23.7,9.3,175.5,820.4
2020-10-01,91.4,100.1,283.1,365.9,6.2,397.8,40.3,247.8,24.8,7.9,180.8,788.1
2020-11-01,76.1,124.5,293.7,284.3,8.2,300.6,47.3,248,23.7,9.5,164.1,792.3
2020-12-01,139.5,104.7,351.3,320.3,4.9,352.1,49.1,305.3,27.9,11,168.4,887.4
2021-01-01,66.8,128.3,291,182.8,2,195,35.6,249.7,21.4,6.7,116.6,661.9
2021-02-01,60.4,151.8,315.7,237.7,10.3,282.9,38,295.3,20.7,10.8,156.8,799.9
2021-03-01,102.7,200.3,445.2,264.4,6.5,302.6,52.1,305.9,26.7,12.3,214.2,939.8
2021-04-01,77.8,145.1,350,253.5,12.3,277.4,44.6,303.1,27.6,12.1,187.3,879.8
2021-05-01,96.4,214.9,401.2,287.6,9.4,309.8,39.1,255.5,16.8,10.6,165.4,694.1
2021-06-01,88.8,123.7,306.4,275.4,5.3,303.4,51.4,307.3,19.3,12,204.6,867.2
2021-07-01,111.5,104.3,312.8,292.5,14.5,340.2,55.8,350.8,30.2,12.9,196.8,"1,032.70"
2021-08-01,79.8,112.4,282.8,206,13.3,241.3,52.3,360.3,23.5,15.2,209.8,"1,072.30"
2021-09-01,86.1,95.4,276.8,274.9,8.2,292.3,52.2,338.9,26.6,13,214.1,"1,003.10"
2021-10-01,90.5,147.4,352.1,221.3,13.2,252.5,55.2,358.9,26,16.7,186,986
2021-11-01,94.7,141.1,336.3,287.1,13.9,329.5,60.4,364.2,29.6,16.5,211.4,"1,051.70"
2021-12-01,62,162.5,341.2,349.2,20.8,413.4,56.3,361.3,27.9,15.4,214.2,"1,062.50"
2022-01-01,70.2,138.8,326.2,181.3,5.3,210.6,41.7,286.8,22.7,10.2,166.5,840.8
2022-02-01,77,256.9,470.8,251.7,12.3,279.5,50,335,28.6,10.8,216.5,"1,037.30"
2022-03-01,59.2,220.5,434.9,235.4,10.3,275,63.8,387.5,35.6,14.6,261.8,"1,158.50"
2022-04-01,101.5,186.4,411.6,244.5,6.5,262.9,49.4,304.2,32.9,13.1,318.7,"1,087.40"
2022-05-01,91.7,250.7,478.3,262.9,8.5,295.8,54.7,370.7,38.4,12.7,288,"1,147.70"
2022-06-01,119.9,172.7,398.6,189.3,6.7,210.9,55.3,352.7,36.3,12.6,305.5,"1,180.50"
2022-07-01,61.7,144.2,299.4,301.9,4.5,350.7,50.4,413.1,33.5,11.3,279.9,"1,154.30"